customer_id,customer_name,age,gender,city,state,signup_date,customer_segment
C0001,Customer_0001,38,Female,Erode,Tamil Nadu,2024-09-15,Regular
C0002,Customer_0002,20,Female,Trichy,Tamil Nadu,2025-12-04,Premium
C0003,Customer_0003,54,Female,Salem,Tamil Nadu,2025-03-06,Regular
C0004,Customer_0004,43,Male,Coimbatore,Tamil Nadu,2025-04-02,Regular
C0005,Customer_0005,46,Male,Chennai,Tamil Nadu,2024-04-29,Regular
C0006,Customer_0006,54,Female,Chennai,Tamil Nadu,2024-07-14,Regular
C0007,Customer_0007,39,Female,Trichy,Tamil Nadu,2024-04-15,Premium
C0008,Customer_0008,27,Male,Coimbatore,Tamil Nadu,2025-12-22,Premium
C0009,Customer_0009,22,Female,Erode,Tamil Nadu,2024-11-03,Regular
C0010,Customer_0010,52,Female,Salem,Tamil Nadu,2025-12-20,Premium
C0011,Customer_0011,59,Male,Coimbatore,Tamil Nadu,2024-09-28,Premium
C0012,Customer_0012,22,Female,Salem,Tamil Nadu,2024-09-21,New
C0013,Customer_0013,20,Female,Salem,Tamil Nadu,2024-08-23,New
C0014,Customer_0014,19,Male,Vellore,Tamil Nadu,2024-01-30,New
C0015,Customer_0015,60,Female,Trichy,Tamil Nadu,2024-07-28,Regular
C0016,Customer_0016,53,Male,Vellore,Tamil Nadu,2025-11-01,Regular
C0017,Customer_0017,29,Male,Salem,Tamil Nadu,2024-12-26,Regular
C0018,Customer_0018,51,Male,Vellore,Tamil Nadu,2024-01-24,Regular
C0019,Customer_0019,42,Female,Salem,Tamil Nadu,2024-02-16,Regular
C0020,Customer_0020,30,Male,Madurai,Tamil Nadu,2025-10-21,Regular
C0021,Customer_0021,32,Male,Trichy,Tamil Nadu,2025-10-13,Regular
C0022,Customer_0022,48,Female,Erode,Tamil Nadu,2024-02-08,Regular
C0023,Customer_0023,31,Female,Madurai,Tamil Nadu,2025-03-11,Regular
C0024,Customer_0024,22,Male,Tiruppur,Tamil Nadu,2024-10-05,Premium
C0025,Customer_0025,56,Female,Madurai,Tamil Nadu,2024-07-08,Regular
C0026,Customer_0026,40,Female,Coimbatore,Tamil Nadu,2025-10-08,Regular
C0027,Customer_0027,27,Male,Erode,Tamil Nadu,2024-03-12,New
C0028,Customer_0028,55,Male,Tiruppur,Tamil Nadu,2025-04-03,Regular
C0029,Customer_0029,49,Female,Erode,Tamil Nadu,2025-12-23,Regular
C0030,Customer_0030,21,Female,Chennai,Tamil Nadu,2025-05-04,Regular
C0031,Customer_0031,33,Male,Vellore,Tamil Nadu,2024-08-08,New
C0032,Customer_0032,19,Male,Chennai,Tamil Nadu,2025-12-16,New
C0033,Customer_0033,27,Female,Tiruppur,Tamil Nadu,2024-04-18,New
C0034,Customer_0034,42,Female,Trichy,Tamil Nadu,2024-04-29,New
C0035,Customer_0035,39,Female,Vellore,Tamil Nadu,2024-01-27,Regular
C0036,Customer_0036,32,Male,Salem,Tamil Nadu,2024-05-23,Regular
C0037,Customer_0037,35,Male,Chennai,Tamil Nadu,2025-02-21,Premium
C0038,Customer_0038,20,Female,Vellore,Tamil Nadu,2025-08-15,Regular
C0039,Customer_0039,46,Female,Coimbatore,Tamil Nadu,2024-01-30,Regular
C0040,Customer_0040,57,Male,Trichy,Tamil Nadu,2024-05-23,Regular
C0041,Customer_0041,27,Female,Coimbatore,Tamil Nadu,2024-01-28,Premium
C0042,Customer_0042,43,Male,Erode,Tamil Nadu,2025-08-03,Premium
C0043,Customer_0043,40,Male,Erode,Tamil Nadu,2024-11-30,New
C0044,Customer_0044,52,Female,Chennai,Tamil Nadu,2025-10-18,Regular
C0045,Customer_0045,49,Female,Tiruppur,Tamil Nadu,2025-02-17,New
C0046,Customer_0046,24,Male,Coimbatore,Tamil Nadu,2025-11-05,Regular
C0047,Customer_0047,45,Male,Salem,Tamil Nadu,2025-08-06,Regular
C0048,Customer_0048,47,Female,Tiruppur,Tamil Nadu,2025-07-11,Regular
C0049,Customer_0049,46,Male,Erode,Tamil Nadu,2025-02-13,Regular
C0050,Customer_0050,21,Male,Tiruppur,Tamil Nadu,2025-11-09,Premium
C0051,Customer_0051,33,Male,Trichy,Tamil Nadu,2024-04-07,Regular
C0052,Customer_0052,32,Male,Vellore,Tamil Nadu,2024-08-15,Premium
C0053,Customer_0053,39,Female,Salem,Tamil Nadu,2025-11-20,Regular
C0054,Customer_0054,52,Female,Erode,Tamil Nadu,2025-03-30,New
C0055,Customer_0055,27,Female,Trichy,Tamil Nadu,2024-02-20,New
C0056,Customer_0056,39,Female,Tiruppur,Tamil Nadu,2024-08-09,New
C0057,Customer_0057,42,Male,Coimbatore,Tamil Nadu,2024-04-25,New
C0058,Customer_0058,55,Male,Tiruppur,Tamil Nadu,2024-06-19,Premium
C0059,Customer_0059,48,Female,Tiruppur,Tamil Nadu,2025-08-09,New
C0060,Customer_0060,33,Male,Coimbatore,Tamil Nadu,2024-10-16,Regular
C0061,Customer_0061,44,Male,Erode,Tamil Nadu,2025-07-12,Regular
C0062,Customer_0062,39,Male,Tiruppur,Tamil Nadu,2025-04-25,Regular
C0063,Customer_0063,37,Female,Chennai,Tamil Nadu,2024-08-04,Regular
C0064,Customer_0064,29,Female,Vellore,Tamil Nadu,2025-05-13,Premium
C0065,Customer_0065,42,Female,Erode,Tamil Nadu,2025-02-08,Regular
C0066,Customer_0066,26,Male,Tiruppur,Tamil Nadu,2024-09-04,Regular
C0067,Customer_0067,22,Female,Chennai,Tamil Nadu,2024-06-15,New
C0068,Customer_0068,56,Female,Tiruppur,Tamil Nadu,2024-08-20,New
C0069,Customer_0069,28,Male,Tiruppur,Tamil Nadu,2024-08-09,Regular
C0070,Customer_0070,21,Male,Vellore,Tamil Nadu,2025-12-14,Premium
C0071,Customer_0071,30,Male,Coimbatore,Tamil Nadu,2024-06-10,Regular
C0072,Customer_0072,20,Male,Chennai,Tamil Nadu,2025-11-25,Regular
C0073,Customer_0073,43,Male,Erode,Tamil Nadu,2025-05-18,New
C0074,Customer_0074,29,Female,Trichy,Tamil Nadu,2024-06-15,Premium
C0075,Customer_0075,32,Female,Trichy,Tamil Nadu,2024-08-02,Regular
C0076,Customer_0076,28,Female,Tiruppur,Tamil Nadu,2025-03-11,New
C0077,Customer_0077,29,Male,Trichy,Tamil Nadu,2024-05-15,New
C0078,Customer_0078,60,Female,Tiruppur,Tamil Nadu,2025-09-12,New
C0079,Customer_0079,44,Male,Tiruppur,Tamil Nadu,2025-08-20,Regular
C0080,Customer_0080,21,Male,Chennai,Tamil Nadu,2024-02-02,New
C0081,Customer_0081,44,Female,Vellore,Tamil Nadu,2024-07-10,New
C0082,Customer_0082,54,Male,Salem,Tamil Nadu,2025-06-23,New
C0083,Customer_0083,57,Male,Madurai,Tamil Nadu,2025-09-09,Regular
C0084,Customer_0084,54,Female,Erode,Tamil Nadu,2024-02-12,Premium
C0085,Customer_0085,24,Female,Trichy,Tamil Nadu,2024-12-24,New
C0086,Customer_0086,47,Female,Madurai,Tamil Nadu,2025-10-25,Regular
C0087,Customer_0087,19,Male,Madurai,Tamil Nadu,2024-05-14,New
C0088,Customer_0088,56,Male,Salem,Tamil Nadu,2025-01-14,Regular
C0089,Customer_0089,52,Male,Madurai,Tamil Nadu,2024-03-15,Premium
C0090,Customer_0090,54,Female,Erode,Tamil Nadu,2025-03-07,Regular
C0091,Customer_0091,30,Female,Madurai,Tamil Nadu,2025-04-09,New
C0092,Customer_0092,37,Female,Erode,Tamil Nadu,2024-12-07,New
C0093,Customer_0093,43,Female,Erode,Tamil Nadu,2024-01-10,New
C0094,Customer_0094,58,Male,Coimbatore,Tamil Nadu,2025-12-16,New
C0095,Customer_0095,35,Female,Vellore,Tamil Nadu,2024-02-25,Regular
C0096,Customer_0096,45,Female,Chennai,Tamil Nadu,2024-12-05,Regular
C0097,Customer_0097,54,Male,Salem,Tamil Nadu,2024-03-27,Regular
C0098,Customer_0098,42,Female,Vellore,Tamil Nadu,2025-09-15,Regular
C0099,Customer_0099,23,Female,Trichy,Tamil Nadu,2025-04-03,Regular
C0100,Customer_0100,39,Female,Erode,Tamil Nadu,2025-03-13,Regular
C0101,Customer_0101,51,Male,Tiruppur,Tamil Nadu,2025-07-13,New
C0102,Customer_0102,37,Female,Vellore,Tamil Nadu,2024-05-05,Regular
C0103,Customer_0103,38,Female,Coimbatore,Tamil Nadu,2025-03-15,Regular
C0104,Customer_0104,51,Female,Coimbatore,Tamil Nadu,2024-11-27,Regular
C0105,Customer_0105,46,Female,Coimbatore,Tamil Nadu,2024-07-21,Regular
C0106,Customer_0106,29,Female,Coimbatore,Tamil Nadu,2024-07-31,Regular
C0107,Customer_0107,57,Male,Madurai,Tamil Nadu,2025-05-07,Regular
C0108,Customer_0108,22,Male,Trichy,Tamil Nadu,2025-09-20,Regular
C0109,Customer_0109,33,Female,Madurai,Tamil Nadu,2025-03-25,Regular
C0110,Customer_0110,25,Female,Madurai,Tamil Nadu,2025-04-08,Regular
C0111,Customer_0111,33,Female,Coimbatore,Tamil Nadu,2025-05-24,Regular
C0112,Customer_0112,20,Female,Trichy,Tamil Nadu,2024-01-23,Regular
C0113,Customer_0113,31,Female,Chennai,Tamil Nadu,2025-10-11,Regular
C0114,Customer_0114,23,Male,Vellore,Tamil Nadu,2024-01-20,Regular
C0115,Customer_0115,40,Female,Chennai,Tamil Nadu,2025-07-19,Premium
C0116,Customer_0116,35,Female,Trichy,Tamil Nadu,2025-09-19,Regular
C0117,Customer_0117,60,Male,Madurai,Tamil Nadu,2025-01-09,New
C0118,Customer_0118,59,Female,Trichy,Tamil Nadu,2025-07-30,New
C0119,Customer_0119,45,Female,Salem,Tamil Nadu,2025-03-05,Regular
C0120,Customer_0120,48,Male,Chennai,Tamil Nadu,2024-04-16,Regular
C0121,Customer_0121,58,Female,Vellore,Tamil Nadu,2025-08-06,New
C0122,Customer_0122,41,Female,Erode,Tamil Nadu,2024-04-08,Regular
C0123,Customer_0123,50,Female,Salem,Tamil Nadu,2024-06-04,Regular
C0124,Customer_0124,37,Female,Tiruppur,Tamil Nadu,2025-03-01,Regular
C0125,Customer_0125,30,Male,Coimbatore,Tamil Nadu,2025-10-21,Regular
C0126,Customer_0126,55,Male,Salem,Tamil Nadu,2024-05-01,Regular
C0127,Customer_0127,54,Male,Vellore,Tamil Nadu,2024-09-06,Premium
C0128,Customer_0128,27,Male,Salem,Tamil Nadu,2024-04-29,Regular
C0129,Customer_0129,37,Male,Tiruppur,Tamil Nadu,2025-04-04,New
C0130,Customer_0130,53,Female,Vellore,Tamil Nadu,2025-10-10,Regular
C0131,Customer_0131,18,Male,Trichy,Tamil Nadu,2025-05-14,Regular
C0132,Customer_0132,54,Male,Vellore,Tamil Nadu,2024-08-30,New
C0133,Customer_0133,21,Male,Coimbatore,Tamil Nadu,2025-07-24,Regular
C0134,Customer_0134,27,Female,Chennai,Tamil Nadu,2024-05-07,Regular
C0135,Customer_0135,33,Female,Salem,Tamil Nadu,2025-07-06,Regular
C0136,Customer_0136,28,Female,Chennai,Tamil Nadu,2025-12-30,New
C0137,Customer_0137,43,Male,Erode,Tamil Nadu,2025-05-20,Regular
C0138,Customer_0138,29,Female,Tiruppur,Tamil Nadu,2025-05-04,New
C0139,Customer_0139,26,Female,Chennai,Tamil Nadu,2025-09-26,New
C0140,Customer_0140,28,Female,Chennai,Tamil Nadu,2024-01-26,Regular
C0141,Customer_0141,19,Female,Coimbatore,Tamil Nadu,2025-01-21,Regular
C0142,Customer_0142,50,Male,Tiruppur,Tamil Nadu,2024-05-29,Premium
C0143,Customer_0143,21,Female,Madurai,Tamil Nadu,2025-11-28,Regular
C0144,Customer_0144,28,Female,Vellore,Tamil Nadu,2024-04-11,New
C0145,Customer_0145,28,Female,Coimbatore,Tamil Nadu,2025-09-15,Regular
C0146,Customer_0146,27,Male,Trichy,Tamil Nadu,2025-07-16,New
C0147,Customer_0147,43,Male,Erode,Tamil Nadu,2025-12-19,New
C0148,Customer_0148,22,Male,Chennai,Tamil Nadu,2024-06-25,Premium
C0149,Customer_0149,33,Male,Tiruppur,Tamil Nadu,2025-11-25,Regular
C0150,Customer_0150,43,Male,Madurai,Tamil Nadu,2025-06-21,Regular
C0151,Customer_0151,41,Male,Erode,Tamil Nadu,2024-12-09,Premium
C0152,Customer_0152,56,Female,Chennai,Tamil Nadu,2024-12-19,New
C0153,Customer_0153,38,Female,Erode,Tamil Nadu,2024-06-16,Regular
C0154,Customer_0154,18,Female,Salem,Tamil Nadu,2024-05-03,Premium
C0155,Customer_0155,46,Female,Tiruppur,Tamil Nadu,2024-12-27,Premium
C0156,Customer_0156,60,Male,Erode,Tamil Nadu,2025-11-11,New
C0157,Customer_0157,47,Female,Chennai,Tamil Nadu,2025-09-13,New
C0158,Customer_0158,31,Female,Trichy,Tamil Nadu,2025-04-12,Regular
C0159,Customer_0159,41,Male,Madurai,Tamil Nadu,2024-12-16,New
C0160,Customer_0160,51,Male,Madurai,Tamil Nadu,2025-06-06,Premium
C0161,Customer_0161,49,Female,Erode,Tamil Nadu,2024-01-24,New
C0162,Customer_0162,52,Male,Salem,Tamil Nadu,2025-08-20,New
C0163,Customer_0163,21,Female,Coimbatore,Tamil Nadu,2024-09-28,Regular
C0164,Customer_0164,59,Female,Tiruppur,Tamil Nadu,2025-08-04,Regular
C0165,Customer_0165,51,Female,Trichy,Tamil Nadu,2024-03-28,Premium
C0166,Customer_0166,60,Female,Vellore,Tamil Nadu,2024-11-03,Regular
C0167,Customer_0167,52,Male,Coimbatore,Tamil Nadu,2024-10-07,New
C0168,Customer_0168,30,Male,Madurai,Tamil Nadu,2024-03-08,New
C0169,Customer_0169,27,Female,Chennai,Tamil Nadu,2025-06-28,New
C0170,Customer_0170,23,Female,Trichy,Tamil Nadu,2024-01-30,Regular
C0171,Customer_0171,34,Male,Erode,Tamil Nadu,2024-08-16,New
C0172,Customer_0172,23,Male,Erode,Tamil Nadu,2025-02-10,New
C0173,Customer_0173,49,Female,Trichy,Tamil Nadu,2025-03-16,Regular
C0174,Customer_0174,22,Female,Salem,Tamil Nadu,2025-02-20,Regular
C0175,Customer_0175,52,Male,Madurai,Tamil Nadu,2025-02-23,Premium
C0176,Customer_0176,56,Male,Trichy,Tamil Nadu,2024-02-29,New
C0177,Customer_0177,49,Male,Salem,Tamil Nadu,2024-09-09,Premium
C0178,Customer_0178,20,Female,Salem,Tamil Nadu,2024-09-13,Regular
C0179,Customer_0179,29,Female,Erode,Tamil Nadu,2025-03-23,Regular
C0180,Customer_0180,35,Male,Erode,Tamil Nadu,2025-06-17,Regular
C0181,Customer_0181,59,Female,Madurai,Tamil Nadu,2025-08-02,Premium
C0182,Customer_0182,38,Female,Vellore,Tamil Nadu,2024-01-25,Premium
C0183,Customer_0183,52,Female,Vellore,Tamil Nadu,2025-07-31,Regular
C0184,Customer_0184,25,Female,Vellore,Tamil Nadu,2024-06-07,Premium
C0185,Customer_0185,58,Male,Erode,Tamil Nadu,2024-05-30,Regular
C0186,Customer_0186,48,Female,Chennai,Tamil Nadu,2024-07-31,New
C0187,Customer_0187,58,Female,Erode,Tamil Nadu,2025-09-03,Regular
C0188,Customer_0188,24,Female,Madurai,Tamil Nadu,2024-08-30,Regular
C0189,Customer_0189,22,Female,Coimbatore,Tamil Nadu,2025-02-01,New
C0190,Customer_0190,48,Male,Vellore,Tamil Nadu,2024-08-30,New
C0191,Customer_0191,43,Male,Salem,Tamil Nadu,2024-09-03,New
C0192,Customer_0192,38,Male,Coimbatore,Tamil Nadu,2025-09-19,New
C0193,Customer_0193,28,Female,Trichy,Tamil Nadu,2024-06-17,New
C0194,Customer_0194,42,Male,Chennai,Tamil Nadu,2025-11-19,Regular
C0195,Customer_0195,54,Male,Chennai,Tamil Nadu,2024-07-04,Regular
C0196,Customer_0196,20,Female,Madurai,Tamil Nadu,2024-12-19,Regular
C0197,Customer_0197,35,Male,Tiruppur,Tamil Nadu,2024-09-06,Premium
C0198,Customer_0198,19,Female,Chennai,Tamil Nadu,2024-09-30,New
C0199,Customer_0199,27,Female,Vellore,Tamil Nadu,2025-05-08,Regular
C0200,Customer_0200,54,Male,Vellore,Tamil Nadu,2025-12-22,Regular
C0201,Customer_0201,25,Female,Coimbatore,Tamil Nadu,2024-04-04,Regular
C0202,Customer_0202,30,Female,Madurai,Tamil Nadu,2025-02-19,New
C0203,Customer_0203,25,Female,Erode,Tamil Nadu,2025-04-02,Premium
C0204,Customer_0204,43,Male,Chennai,Tamil Nadu,2024-11-16,Premium
C0205,Customer_0205,49,Male,Tiruppur,Tamil Nadu,2024-08-10,Regular
C0206,Customer_0206,59,Female,Salem,Tamil Nadu,2024-11-29,New
C0207,Customer_0207,34,Male,Madurai,Tamil Nadu,2024-09-05,Regular
C0208,Customer_0208,52,Male,Salem,Tamil Nadu,2025-05-08,Regular
C0209,Customer_0209,37,Male,Erode,Tamil Nadu,2025-09-07,Regular
C0210,Customer_0210,38,Female,Erode,Tamil Nadu,2025-12-11,New
C0211,Customer_0211,53,Male,Vellore,Tamil Nadu,2025-12-08,Regular
C0212,Customer_0212,42,Male,Coimbatore,Tamil Nadu,2024-11-05,Regular
C0213,Customer_0213,55,Female,Chennai,Tamil Nadu,2024-06-29,Premium
C0214,Customer_0214,39,Male,Coimbatore,Tamil Nadu,2024-01-03,New
C0215,Customer_0215,54,Female,Salem,Tamil Nadu,2025-06-16,New
C0216,Customer_0216,60,Female,Salem,Tamil Nadu,2025-11-28,Regular
C0217,Customer_0217,27,Female,Vellore,Tamil Nadu,2024-04-29,Premium
C0218,Customer_0218,25,Female,Madurai,Tamil Nadu,2025-01-25,Premium
C0219,Customer_0219,60,Male,Erode,Tamil Nadu,2025-06-09,Premium
C0220,Customer_0220,46,Male,Chennai,Tamil Nadu,2025-12-26,New
C0221,Customer_0221,36,Male,Vellore,Tamil Nadu,2025-02-01,New
C0222,Customer_0222,27,Female,Vellore,Tamil Nadu,2025-10-31,Regular
C0223,Customer_0223,20,Female,Tiruppur,Tamil Nadu,2025-04-12,New
C0224,Customer_0224,22,Female,Vellore,Tamil Nadu,2025-07-25,New
C0225,Customer_0225,34,Male,Coimbatore,Tamil Nadu,2024-07-27,New
C0226,Customer_0226,46,Female,Salem,Tamil Nadu,2025-02-14,Premium
C0227,Customer_0227,45,Female,Madurai,Tamil Nadu,2024-08-20,Regular
C0228,Customer_0228,22,Male,Erode,Tamil Nadu,2025-12-14,Regular
C0229,Customer_0229,56,Female,Tiruppur,Tamil Nadu,2024-09-05,Regular
C0230,Customer_0230,25,Female,Tiruppur,Tamil Nadu,2025-12-12,New
C0231,Customer_0231,19,Female,Chennai,Tamil Nadu,2024-06-11,Regular
C0232,Customer_0232,60,Male,Coimbatore,Tamil Nadu,2024-05-01,Regular
C0233,Customer_0233,54,Female,Vellore,Tamil Nadu,2025-06-05,Regular
C0234,Customer_0234,45,Male,Erode,Tamil Nadu,2025-09-03,New
C0235,Customer_0235,46,Male,Erode,Tamil Nadu,2024-05-21,Regular
C0236,Customer_0236,56,Female,Coimbatore,Tamil Nadu,2024-03-07,Regular
C0237,Customer_0237,60,Female,Erode,Tamil Nadu,2024-08-25,Regular
C0238,Customer_0238,53,Female,Madurai,Tamil Nadu,2025-07-11,Regular
C0239,Customer_0239,35,Male,Salem,Tamil Nadu,2024-09-23,Premium
C0240,Customer_0240,30,Female,Madurai,Tamil Nadu,2025-07-06,New
C0241,Customer_0241,40,Male,Trichy,Tamil Nadu,2024-04-10,Premium
C0242,Customer_0242,30,Female,Trichy,Tamil Nadu,2025-04-06,Regular
C0243,Customer_0243,46,Female,Coimbatore,Tamil Nadu,2025-12-10,Premium
C0244,Customer_0244,43,Male,Coimbatore,Tamil Nadu,2025-04-11,Regular
C0245,Customer_0245,46,Male,Erode,Tamil Nadu,2024-01-08,New
C0246,Customer_0246,59,Female,Madurai,Tamil Nadu,2025-06-19,Premium
C0247,Customer_0247,41,Female,Trichy,Tamil Nadu,2024-04-14,Premium
C0248,Customer_0248,35,Female,Trichy,Tamil Nadu,2025-08-04,New
C0249,Customer_0249,36,Female,Chennai,Tamil Nadu,2025-09-21,Regular
C0250,Customer_0250,25,Male,Tiruppur,Tamil Nadu,2025-12-10,Premium
C0251,Customer_0251,43,Female,Madurai,Tamil Nadu,2025-10-08,New
C0252,Customer_0252,53,Female,Madurai,Tamil Nadu,2025-02-22,Premium
C0253,Customer_0253,40,Male,Madurai,Tamil Nadu,2024-11-26,New
C0254,Customer_0254,52,Male,Trichy,Tamil Nadu,2025-04-24,New
C0255,Customer_0255,42,Male,Tiruppur,Tamil Nadu,2025-11-01,Premium
C0256,Customer_0256,39,Female,Chennai,Tamil Nadu,2025-02-16,New
C0257,Customer_0257,34,Female,Coimbatore,Tamil Nadu,2025-01-08,New
C0258,Customer_0258,41,Female,Chennai,Tamil Nadu,2025-09-25,Premium
C0259,Customer_0259,27,Female,Madurai,Tamil Nadu,2025-05-28,New
C0260,Customer_0260,29,Female,Salem,Tamil Nadu,2024-04-25,New
C0261,Customer_0261,60,Female,Tiruppur,Tamil Nadu,2024-05-30,Premium
C0262,Customer_0262,19,Female,Vellore,Tamil Nadu,2025-11-23,Regular
C0263,Customer_0263,37,Male,Vellore,Tamil Nadu,2025-12-20,Regular
C0264,Customer_0264,53,Male,Chennai,Tamil Nadu,2025-07-05,Regular
C0265,Customer_0265,44,Female,Salem,Tamil Nadu,2024-09-11,New
C0266,Customer_0266,50,Male,Salem,Tamil Nadu,2024-05-28,Regular
C0267,Customer_0267,33,Female,Erode,Tamil Nadu,2024-07-05,New
C0268,Customer_0268,21,Male,Madurai,Tamil Nadu,2024-08-13,Regular
C0269,Customer_0269,33,Female,Erode,Tamil Nadu,2024-08-02,Regular
C0270,Customer_0270,24,Female,Tiruppur,Tamil Nadu,2025-05-23,Regular
C0271,Customer_0271,56,Female,Erode,Tamil Nadu,2024-03-26,Regular
C0272,Customer_0272,60,Male,Salem,Tamil Nadu,2025-02-07,Regular
C0273,Customer_0273,56,Male,Salem,Tamil Nadu,2024-04-21,New
C0274,Customer_0274,56,Male,Coimbatore,Tamil Nadu,2024-12-25,Regular
C0275,Customer_0275,33,Male,Tiruppur,Tamil Nadu,2024-07-05,Regular
C0276,Customer_0276,40,Male,Chennai,Tamil Nadu,2025-06-12,New
C0277,Customer_0277,50,Female,Tiruppur,Tamil Nadu,2025-11-24,New
C0278,Customer_0278,36,Male,Vellore,Tamil Nadu,2024-09-21,New
C0279,Customer_0279,58,Female,Erode,Tamil Nadu,2024-02-01,Regular
C0280,Customer_0280,31,Female,Trichy,Tamil Nadu,2025-06-20,Premium
C0281,Customer_0281,21,Male,Salem,Tamil Nadu,2024-12-04,New
C0282,Customer_0282,57,Female,Madurai,Tamil Nadu,2024-01-07,Regular
C0283,Customer_0283,59,Female,Vellore,Tamil Nadu,2024-10-20,Regular
C0284,Customer_0284,37,Female,Tiruppur,Tamil Nadu,2025-06-29,Regular
C0285,Customer_0285,18,Male,Salem,Tamil Nadu,2025-02-26,Regular
C0286,Customer_0286,34,Female,Trichy,Tamil Nadu,2024-12-19,Premium
C0287,Customer_0287,53,Male,Vellore,Tamil Nadu,2025-08-06,Regular
C0288,Customer_0288,46,Female,Vellore,Tamil Nadu,2025-02-27,New
C0289,Customer_0289,21,Female,Coimbatore,Tamil Nadu,2024-02-16,Premium
C0290,Customer_0290,35,Female,Chennai,Tamil Nadu,2024-02-07,Premium
C0291,Customer_0291,31,Female,Madurai,Tamil Nadu,2025-12-04,Regular
C0292,Customer_0292,53,Male,Trichy,Tamil Nadu,2024-11-03,Regular
C0293,Customer_0293,58,Male,Madurai,Tamil Nadu,2025-08-20,New
C0294,Customer_0294,38,Male,Coimbatore,Tamil Nadu,2024-06-12,New
C0295,Customer_0295,51,Male,Coimbatore,Tamil Nadu,2024-12-22,Regular
C0296,Customer_0296,27,Female,Vellore,Tamil Nadu,2025-07-09,Regular
C0297,Customer_0297,31,Male,Trichy,Tamil Nadu,2024-11-26,Regular
C0298,Customer_0298,24,Male,Vellore,Tamil Nadu,2025-05-06,Regular
C0299,Customer_0299,48,Female,Tiruppur,Tamil Nadu,2025-04-14,Regular
C0300,Customer_0300,60,Female,Erode,Tamil Nadu,2024-05-10,New
C0301,Customer_0301,53,Female,Trichy,Tamil Nadu,2025-10-27,New
C0302,Customer_0302,56,Male,Madurai,Tamil Nadu,2025-07-20,Regular
C0303,Customer_0303,30,Male,Chennai,Tamil Nadu,2025-05-27,New
C0304,Customer_0304,21,Female,Salem,Tamil Nadu,2024-11-04,Premium
C0305,Customer_0305,45,Female,Vellore,Tamil Nadu,2024-03-21,Premium
C0306,Customer_0306,44,Male,Chennai,Tamil Nadu,2025-03-20,New
C0307,Customer_0307,42,Male,Erode,Tamil Nadu,2024-05-13,Regular
C0308,Customer_0308,47,Male,Coimbatore,Tamil Nadu,2024-10-06,Premium
C0309,Customer_0309,50,Female,Trichy,Tamil Nadu,2024-09-05,Regular
C0310,Customer_0310,30,Male,Chennai,Tamil Nadu,2025-12-09,New
C0311,Customer_0311,42,Male,Chennai,Tamil Nadu,2024-07-23,Regular
C0312,Customer_0312,48,Female,Erode,Tamil Nadu,2024-05-17,Premium
C0313,Customer_0313,42,Male,Madurai,Tamil Nadu,2025-08-23,Regular
C0314,Customer_0314,44,Female,Madurai,Tamil Nadu,2025-11-05,Regular
C0315,Customer_0315,36,Female,Vellore,Tamil Nadu,2025-02-19,Regular
C0316,Customer_0316,49,Male,Salem,Tamil Nadu,2025-06-19,Premium
C0317,Customer_0317,51,Female,Trichy,Tamil Nadu,2025-02-13,Premium
C0318,Customer_0318,25,Female,Salem,Tamil Nadu,2025-09-14,Regular
C0319,Customer_0319,48,Female,Vellore,Tamil Nadu,2024-06-28,Premium
C0320,Customer_0320,58,Female,Vellore,Tamil Nadu,2025-12-13,Regular
C0321,Customer_0321,47,Male,Chennai,Tamil Nadu,2024-06-28,Regular
C0322,Customer_0322,55,Male,Chennai,Tamil Nadu,2024-12-02,Regular
C0323,Customer_0323,42,Male,Madurai,Tamil Nadu,2025-10-14,Regular
C0324,Customer_0324,59,Female,Madurai,Tamil Nadu,2025-10-20,Premium
C0325,Customer_0325,33,Male,Coimbatore,Tamil Nadu,2025-03-09,Regular
C0326,Customer_0326,35,Male,Tiruppur,Tamil Nadu,2024-04-25,Regular
C0327,Customer_0327,41,Female,Coimbatore,Tamil Nadu,2024-12-17,Premium
C0328,Customer_0328,25,Male,Tiruppur,Tamil Nadu,2024-10-07,Regular
C0329,Customer_0329,21,Female,Trichy,Tamil Nadu,2024-02-09,New
C0330,Customer_0330,52,Male,Erode,Tamil Nadu,2025-05-29,Regular
C0331,Customer_0331,28,Male,Trichy,Tamil Nadu,2024-03-12,New
C0332,Customer_0332,22,Female,Salem,Tamil Nadu,2025-04-25,Premium
C0333,Customer_0333,20,Male,Trichy,Tamil Nadu,2025-08-16,Premium
C0334,Customer_0334,37,Female,Madurai,Tamil Nadu,2025-01-07,Regular
C0335,Customer_0335,18,Female,Salem,Tamil Nadu,2025-09-13,Regular
C0336,Customer_0336,47,Male,Chennai,Tamil Nadu,2025-01-19,Regular
C0337,Customer_0337,36,Male,Salem,Tamil Nadu,2024-06-26,Premium
C0338,Customer_0338,21,Male,Salem,Tamil Nadu,2024-07-22,New
C0339,Customer_0339,50,Male,Tiruppur,Tamil Nadu,2025-09-18,New
C0340,Customer_0340,30,Female,Tiruppur,Tamil Nadu,2024-12-31,New
C0341,Customer_0341,22,Male,Coimbatore,Tamil Nadu,2025-03-12,Premium
C0342,Customer_0342,34,Female,Vellore,Tamil Nadu,2024-03-15,New
C0343,Customer_0343,38,Male,Tiruppur,Tamil Nadu,2024-04-24,New
C0344,Customer_0344,34,Male,Trichy,Tamil Nadu,2024-10-08,Premium
C0345,Customer_0345,18,Female,Erode,Tamil Nadu,2025-10-31,New
C0346,Customer_0346,28,Female,Chennai,Tamil Nadu,2024-03-04,Premium
C0347,Customer_0347,35,Male,Salem,Tamil Nadu,2025-03-23,Premium
C0348,Customer_0348,40,Female,Vellore,Tamil Nadu,2024-01-18,New
C0349,Customer_0349,51,Male,Erode,Tamil Nadu,2025-06-08,Premium
C0350,Customer_0350,40,Female,Coimbatore,Tamil Nadu,2025-09-09,Regular
C0351,Customer_0351,39,Female,Salem,Tamil Nadu,2025-10-06,Regular
C0352,Customer_0352,46,Female,Vellore,Tamil Nadu,2024-07-19,Regular
C0353,Customer_0353,40,Female,Trichy,Tamil Nadu,2025-05-23,Regular
C0354,Customer_0354,28,Female,Erode,Tamil Nadu,2025-01-24,Regular
C0355,Customer_0355,35,Male,Trichy,Tamil Nadu,2025-06-22,Regular
C0356,Customer_0356,35,Male,Vellore,Tamil Nadu,2024-07-27,Premium
C0357,Customer_0357,54,Female,Vellore,Tamil Nadu,2024-03-14,Regular
C0358,Customer_0358,48,Male,Erode,Tamil Nadu,2024-11-25,New
C0359,Customer_0359,20,Male,Vellore,Tamil Nadu,2025-08-17,Regular
C0360,Customer_0360,27,Male,Erode,Tamil Nadu,2024-08-16,New
C0361,Customer_0361,51,Male,Salem,Tamil Nadu,2024-05-15,Regular
C0362,Customer_0362,45,Male,Vellore,Tamil Nadu,2024-02-25,Regular
C0363,Customer_0363,19,Female,Trichy,Tamil Nadu,2024-05-26,Premium
C0364,Customer_0364,44,Male,Coimbatore,Tamil Nadu,2025-01-01,Regular
C0365,Customer_0365,20,Female,Vellore,Tamil Nadu,2025-07-21,Regular
C0366,Customer_0366,20,Male,Salem,Tamil Nadu,2025-05-11,New
C0367,Customer_0367,27,Female,Madurai,Tamil Nadu,2024-03-19,Regular
C0368,Customer_0368,28,Male,Salem,Tamil Nadu,2024-06-21,New
C0369,Customer_0369,48,Male,Tiruppur,Tamil Nadu,2024-04-28,Regular
C0370,Customer_0370,56,Female,Tiruppur,Tamil Nadu,2025-07-24,Premium
C0371,Customer_0371,34,Female,Vellore,Tamil Nadu,2025-02-20,New
C0372,Customer_0372,53,Male,Chennai,Tamil Nadu,2025-09-05,Premium
C0373,Customer_0373,40,Male,Trichy,Tamil Nadu,2024-11-16,New
C0374,Customer_0374,42,Male,Erode,Tamil Nadu,2025-06-02,Premium
C0375,Customer_0375,58,Male,Tiruppur,Tamil Nadu,2024-06-02,Premium
C0376,Customer_0376,40,Female,Vellore,Tamil Nadu,2024-07-22,Regular
C0377,Customer_0377,45,Female,Coimbatore,Tamil Nadu,2024-12-09,Premium
C0378,Customer_0378,19,Female,Tiruppur,Tamil Nadu,2024-07-13,Regular
C0379,Customer_0379,58,Male,Erode,Tamil Nadu,2025-01-28,New
C0380,Customer_0380,53,Female,Tiruppur,Tamil Nadu,2024-05-13,Regular
C0381,Customer_0381,19,Female,Vellore,Tamil Nadu,2024-08-30,Regular
C0382,Customer_0382,59,Female,Madurai,Tamil Nadu,2024-10-19,Regular
C0383,Customer_0383,59,Male,Trichy,Tamil Nadu,2024-07-29,Premium
C0384,Customer_0384,46,Male,Vellore,Tamil Nadu,2025-12-31,Regular
C0385,Customer_0385,60,Male,Vellore,Tamil Nadu,2024-08-26,Regular
C0386,Customer_0386,49,Female,Salem,Tamil Nadu,2024-07-02,Regular
C0387,Customer_0387,18,Male,Trichy,Tamil Nadu,2025-12-29,Regular
C0388,Customer_0388,54,Male,Vellore,Tamil Nadu,2025-12-08,New
C0389,Customer_0389,30,Male,Trichy,Tamil Nadu,2025-09-19,New
C0390,Customer_0390,19,Female,Vellore,Tamil Nadu,2025-03-26,New
C0391,Customer_0391,40,Female,Vellore,Tamil Nadu,2025-09-21,Premium
C0392,Customer_0392,39,Male,Salem,Tamil Nadu,2025-03-09,Premium
C0393,Customer_0393,32,Female,Coimbatore,Tamil Nadu,2024-01-03,New
C0394,Customer_0394,55,Female,Chennai,Tamil Nadu,2025-07-21,Regular
C0395,Customer_0395,40,Male,Erode,Tamil Nadu,2025-12-04,New
C0396,Customer_0396,33,Male,Trichy,Tamil Nadu,2024-01-14,Regular
C0397,Customer_0397,30,Male,Madurai,Tamil Nadu,2024-04-19,Regular
C0398,Customer_0398,36,Male,Erode,Tamil Nadu,2025-12-04,Premium
C0399,Customer_0399,28,Female,Madurai,Tamil Nadu,2024-05-05,Regular
C0400,Customer_0400,50,Male,Trichy,Tamil Nadu,2024-08-10,Premium
C0401,Customer_0401,53,Male,Chennai,Tamil Nadu,2024-02-29,Regular
C0402,Customer_0402,46,Female,Tiruppur,Tamil Nadu,2024-04-21,New
C0403,Customer_0403,40,Female,Salem,Tamil Nadu,2024-01-17,Regular
C0404,Customer_0404,48,Male,Vellore,Tamil Nadu,2025-12-27,New
C0405,Customer_0405,32,Male,Coimbatore,Tamil Nadu,2025-06-20,New
C0406,Customer_0406,44,Male,Erode,Tamil Nadu,2024-08-10,Regular
C0407,Customer_0407,50,Male,Madurai,Tamil Nadu,2024-01-13,Regular
C0408,Customer_0408,42,Male,Madurai,Tamil Nadu,2024-02-11,Premium
C0409,Customer_0409,19,Male,Chennai,Tamil Nadu,2024-06-30,New
C0410,Customer_0410,48,Female,Chennai,Tamil Nadu,2024-02-19,New
C0411,Customer_0411,27,Female,Tiruppur,Tamil Nadu,2024-03-08,Regular
C0412,Customer_0412,24,Male,Madurai,Tamil Nadu,2025-08-24,New
C0413,Customer_0413,45,Female,Vellore,Tamil Nadu,2025-03-11,Premium
C0414,Customer_0414,31,Female,Erode,Tamil Nadu,2024-03-10,Regular
C0415,Customer_0415,18,Male,Trichy,Tamil Nadu,2024-05-18,Regular
C0416,Customer_0416,54,Male,Vellore,Tamil Nadu,2025-08-04,Regular
C0417,Customer_0417,24,Male,Salem,Tamil Nadu,2025-02-03,Regular
C0418,Customer_0418,18,Male,Salem,Tamil Nadu,2024-10-09,Regular
C0419,Customer_0419,54,Male,Vellore,Tamil Nadu,2025-02-09,Premium
C0420,Customer_0420,25,Female,Coimbatore,Tamil Nadu,2024-08-06,Regular
C0421,Customer_0421,27,Male,Salem,Tamil Nadu,2025-06-12,Premium
C0422,Customer_0422,45,Male,Vellore,Tamil Nadu,2025-06-24,Premium
C0423,Customer_0423,31,Female,Erode,Tamil Nadu,2025-03-17,Regular
C0424,Customer_0424,48,Male,Trichy,Tamil Nadu,2025-10-10,Regular
C0425,Customer_0425,25,Male,Vellore,Tamil Nadu,2025-06-15,Premium
C0426,Customer_0426,53,Female,Erode,Tamil Nadu,2025-10-24,Regular
C0427,Customer_0427,52,Male,Tiruppur,Tamil Nadu,2025-05-03,New
C0428,Customer_0428,25,Female,Chennai,Tamil Nadu,2024-06-19,Regular
C0429,Customer_0429,47,Female,Tiruppur,Tamil Nadu,2024-05-31,Regular
C0430,Customer_0430,33,Female,Salem,Tamil Nadu,2025-03-31,New
C0431,Customer_0431,19,Male,Salem,Tamil Nadu,2024-06-02,Regular
C0432,Customer_0432,60,Male,Tiruppur,Tamil Nadu,2025-07-27,New
C0433,Customer_0433,51,Female,Vellore,Tamil Nadu,2025-11-19,Premium
C0434,Customer_0434,32,Male,Salem,Tamil Nadu,2024-12-25,Premium
C0435,Customer_0435,21,Male,Trichy,Tamil Nadu,2024-09-21,New
C0436,Customer_0436,29,Male,Tiruppur,Tamil Nadu,2024-03-25,New
C0437,Customer_0437,35,Female,Vellore,Tamil Nadu,2024-04-13,Premium
C0438,Customer_0438,49,Male,Coimbatore,Tamil Nadu,2025-06-04,Regular
C0439,Customer_0439,29,Female,Tiruppur,Tamil Nadu,2025-10-28,Regular
C0440,Customer_0440,19,Female,Vellore,Tamil Nadu,2024-08-17,Regular
C0441,Customer_0441,58,Male,Chennai,Tamil Nadu,2025-10-12,Regular
C0442,Customer_0442,26,Female,Salem,Tamil Nadu,2024-01-14,Regular
C0443,Customer_0443,41,Male,Madurai,Tamil Nadu,2024-06-06,New
C0444,Customer_0444,23,Female,Madurai,Tamil Nadu,2024-10-08,New
C0445,Customer_0445,39,Male,Madurai,Tamil Nadu,2024-05-09,Regular
C0446,Customer_0446,28,Female,Trichy,Tamil Nadu,2025-01-28,Regular
C0447,Customer_0447,43,Male,Coimbatore,Tamil Nadu,2025-03-18,New
C0448,Customer_0448,27,Female,Vellore,Tamil Nadu,2024-05-18,Regular
C0449,Customer_0449,27,Female,Madurai,Tamil Nadu,2025-01-20,Regular
C0450,Customer_0450,33,Female,Coimbatore,Tamil Nadu,2025-01-25,Regular
C0451,Customer_0451,44,Male,Erode,Tamil Nadu,2025-04-24,Premium
C0452,Customer_0452,38,Male,Erode,Tamil Nadu,2025-11-16,Premium
C0453,Customer_0453,40,Male,Salem,Tamil Nadu,2025-12-10,Regular
C0454,Customer_0454,30,Female,Trichy,Tamil Nadu,2024-11-13,Regular
C0455,Customer_0455,59,Female,Coimbatore,Tamil Nadu,2024-04-17,New
C0456,Customer_0456,48,Female,Coimbatore,Tamil Nadu,2025-04-13,Regular
C0457,Customer_0457,58,Female,Salem,Tamil Nadu,2024-01-22,Premium
C0458,Customer_0458,38,Male,Vellore,Tamil Nadu,2025-05-02,Regular
C0459,Customer_0459,26,Female,Coimbatore,Tamil Nadu,2025-12-29,Regular
C0460,Customer_0460,18,Female,Tiruppur,Tamil Nadu,2025-08-16,Regular
C0461,Customer_0461,48,Female,Coimbatore,Tamil Nadu,2025-03-23,Regular
C0462,Customer_0462,32,Female,Vellore,Tamil Nadu,2025-01-25,Premium
C0463,Customer_0463,18,Male,Salem,Tamil Nadu,2024-03-08,Regular
C0464,Customer_0464,44,Male,Erode,Tamil Nadu,2024-10-01,Regular
C0465,Customer_0465,49,Male,Madurai,Tamil Nadu,2025-09-14,Regular
C0466,Customer_0466,52,Male,Chennai,Tamil Nadu,2025-11-10,Regular
C0467,Customer_0467,21,Female,Trichy,Tamil Nadu,2025-11-30,New
C0468,Customer_0468,52,Female,Madurai,Tamil Nadu,2025-03-23,Premium
C0469,Customer_0469,19,Female,Vellore,Tamil Nadu,2025-12-16,Regular
C0470,Customer_0470,39,Female,Madurai,Tamil Nadu,2024-10-30,Regular
C0471,Customer_0471,60,Female,Erode,Tamil Nadu,2024-11-20,Premium
C0472,Customer_0472,44,Male,Chennai,Tamil Nadu,2024-01-08,Premium
C0473,Customer_0473,54,Female,Trichy,Tamil Nadu,2024-03-12,Regular
C0474,Customer_0474,40,Female,Erode,Tamil Nadu,2025-07-29,Regular
C0475,Customer_0475,33,Female,Tiruppur,Tamil Nadu,2024-05-21,Regular
C0476,Customer_0476,48,Male,Coimbatore,Tamil Nadu,2024-12-19,New
C0477,Customer_0477,40,Female,Trichy,Tamil Nadu,2024-04-12,Premium
C0478,Customer_0478,50,Male,Vellore,Tamil Nadu,2024-10-18,Regular
C0479,Customer_0479,45,Female,Coimbatore,Tamil Nadu,2025-12-21,Regular
C0480,Customer_0480,22,Female,Chennai,Tamil Nadu,2024-07-31,Premium
C0481,Customer_0481,23,Female,Coimbatore,Tamil Nadu,2025-11-12,Regular
C0482,Customer_0482,56,Female,Tiruppur,Tamil Nadu,2024-03-14,Regular
C0483,Customer_0483,36,Female,Trichy,Tamil Nadu,2025-12-06,Premium
C0484,Customer_0484,49,Male,Madurai,Tamil Nadu,2024-03-23,New
C0485,Customer_0485,44,Male,Chennai,Tamil Nadu,2025-04-27,Premium
C0486,Customer_0486,22,Female,Chennai,Tamil Nadu,2025-01-23,Regular
C0487,Customer_0487,45,Male,Trichy,Tamil Nadu,2025-10-23,Premium
C0488,Customer_0488,50,Female,Vellore,Tamil Nadu,2024-07-31,New
C0489,Customer_0489,43,Female,Vellore,Tamil Nadu,2024-03-26,Regular
C0490,Customer_0490,29,Male,Salem,Tamil Nadu,2025-07-23,New
C0491,Customer_0491,21,Male,Vellore,Tamil Nadu,2025-10-31,Regular
C0492,Customer_0492,30,Male,Coimbatore,Tamil Nadu,2024-10-18,Premium
C0493,Customer_0493,34,Female,Vellore,Tamil Nadu,2025-09-11,Premium
C0494,Customer_0494,44,Female,Vellore,Tamil Nadu,2025-08-30,Regular
C0495,Customer_0495,31,Female,Erode,Tamil Nadu,2025-02-27,Regular
C0496,Customer_0496,27,Female,Erode,Tamil Nadu,2025-08-02,Premium
C0497,Customer_0497,59,Female,Tiruppur,Tamil Nadu,2024-01-19,New
C0498,Customer_0498,54,Female,Erode,Tamil Nadu,2024-11-27,Regular
C0499,Customer_0499,38,Male,Madurai,Tamil Nadu,2024-08-10,Regular
C0500,Customer_0500,53,Female,Tiruppur,Tamil Nadu,2025-07-09,Regular
C0501,Customer_0501,57,Female,Madurai,Tamil Nadu,2024-09-09,Regular
C0502,Customer_0502,53,Male,Chennai,Tamil Nadu,2025-06-21,New
C0503,Customer_0503,40,Male,Trichy,Tamil Nadu,2025-08-18,Premium
C0504,Customer_0504,57,Male,Tiruppur,Tamil Nadu,2024-06-30,Regular
C0505,Customer_0505,35,Male,Tiruppur,Tamil Nadu,2025-10-09,Regular
C0506,Customer_0506,42,Male,Trichy,Tamil Nadu,2024-10-15,Regular
C0507,Customer_0507,47,Male,Trichy,Tamil Nadu,2024-03-03,Regular
C0508,Customer_0508,20,Male,Erode,Tamil Nadu,2025-01-24,New
C0509,Customer_0509,57,Male,Vellore,Tamil Nadu,2024-11-27,Regular
C0510,Customer_0510,19,Female,Erode,Tamil Nadu,2025-02-15,New
C0511,Customer_0511,21,Female,Madurai,Tamil Nadu,2025-01-19,Regular
C0512,Customer_0512,26,Female,Madurai,Tamil Nadu,2024-12-10,Premium
C0513,Customer_0513,24,Male,Vellore,Tamil Nadu,2025-08-17,Premium
C0514,Customer_0514,46,Male,Salem,Tamil Nadu,2025-08-28,New
C0515,Customer_0515,31,Female,Chennai,Tamil Nadu,2025-08-10,Regular
C0516,Customer_0516,45,Female,Coimbatore,Tamil Nadu,2024-12-31,Regular
C0517,Customer_0517,57,Female,Erode,Tamil Nadu,2025-06-15,Regular
C0518,Customer_0518,42,Male,Erode,Tamil Nadu,2024-09-21,New
C0519,Customer_0519,32,Female,Vellore,Tamil Nadu,2024-07-30,New
C0520,Customer_0520,34,Female,Tiruppur,Tamil Nadu,2025-05-07,Regular
C0521,Customer_0521,49,Female,Vellore,Tamil Nadu,2025-05-08,New
C0522,Customer_0522,51,Male,Erode,Tamil Nadu,2025-12-11,Regular
C0523,Customer_0523,25,Female,Salem,Tamil Nadu,2025-08-17,Regular
C0524,Customer_0524,50,Female,Trichy,Tamil Nadu,2025-12-30,New
C0525,Customer_0525,23,Male,Trichy,Tamil Nadu,2024-09-29,New
C0526,Customer_0526,54,Male,Salem,Tamil Nadu,2024-10-13,Regular
C0527,Customer_0527,55,Female,Erode,Tamil Nadu,2025-02-27,New
C0528,Customer_0528,28,Female,Chennai,Tamil Nadu,2024-06-18,Regular
C0529,Customer_0529,45,Male,Salem,Tamil Nadu,2024-10-08,Premium
C0530,Customer_0530,29,Female,Coimbatore,Tamil Nadu,2024-03-30,Regular
C0531,Customer_0531,46,Female,Chennai,Tamil Nadu,2024-12-29,New
C0532,Customer_0532,52,Female,Chennai,Tamil Nadu,2025-06-12,Regular
C0533,Customer_0533,48,Female,Madurai,Tamil Nadu,2025-01-04,Regular
C0534,Customer_0534,32,Female,Tiruppur,Tamil Nadu,2024-09-30,Regular
C0535,Customer_0535,59,Female,Salem,Tamil Nadu,2025-10-16,Premium
C0536,Customer_0536,48,Male,Tiruppur,Tamil Nadu,2024-05-27,New
C0537,Customer_0537,46,Female,Coimbatore,Tamil Nadu,2024-07-01,Premium
C0538,Customer_0538,47,Male,Salem,Tamil Nadu,2024-06-04,New
C0539,Customer_0539,59,Female,Madurai,Tamil Nadu,2024-04-13,Premium
C0540,Customer_0540,40,Male,Vellore,Tamil Nadu,2025-01-27,Regular
C0541,Customer_0541,48,Male,Chennai,Tamil Nadu,2025-05-25,Regular
C0542,Customer_0542,28,Male,Coimbatore,Tamil Nadu,2024-05-19,Regular
C0543,Customer_0543,25,Male,Coimbatore,Tamil Nadu,2025-10-10,Regular
C0544,Customer_0544,57,Male,Tiruppur,Tamil Nadu,2024-05-19,Regular
C0545,Customer_0545,36,Male,Erode,Tamil Nadu,2024-02-29,Regular
C0546,Customer_0546,20,Female,Coimbatore,Tamil Nadu,2024-12-28,Regular
C0547,Customer_0547,30,Female,Madurai,Tamil Nadu,2025-04-16,Premium
C0548,Customer_0548,22,Male,Madurai,Tamil Nadu,2024-05-30,Regular
C0549,Customer_0549,34,Male,Madurai,Tamil Nadu,2025-09-20,New
C0550,Customer_0550,47,Female,Coimbatore,Tamil Nadu,2025-06-14,New
C0551,Customer_0551,22,Male,Chennai,Tamil Nadu,2025-01-23,Regular
C0552,Customer_0552,31,Male,Tiruppur,Tamil Nadu,2025-06-26,Premium
C0553,Customer_0553,58,Male,Vellore,Tamil Nadu,2025-02-26,New
C0554,Customer_0554,31,Male,Chennai,Tamil Nadu,2024-08-04,Regular
C0555,Customer_0555,47,Female,Chennai,Tamil Nadu,2024-05-10,Regular
C0556,Customer_0556,48,Male,Chennai,Tamil Nadu,2025-07-20,New
C0557,Customer_0557,39,Male,Trichy,Tamil Nadu,2024-10-08,New
C0558,Customer_0558,53,Female,Tiruppur,Tamil Nadu,2024-07-10,New
C0559,Customer_0559,53,Male,Chennai,Tamil Nadu,2024-06-17,Premium
C0560,Customer_0560,50,Female,Vellore,Tamil Nadu,2024-02-05,Premium
C0561,Customer_0561,42,Male,Chennai,Tamil Nadu,2025-01-19,New
C0562,Customer_0562,56,Male,Salem,Tamil Nadu,2024-12-22,Regular
C0563,Customer_0563,21,Female,Salem,Tamil Nadu,2024-01-10,New
C0564,Customer_0564,21,Female,Chennai,Tamil Nadu,2024-12-09,Premium
C0565,Customer_0565,26,Female,Vellore,Tamil Nadu,2024-06-03,Regular
C0566,Customer_0566,29,Female,Madurai,Tamil Nadu,2024-05-17,New
C0567,Customer_0567,59,Male,Erode,Tamil Nadu,2024-09-11,Regular
C0568,Customer_0568,27,Female,Vellore,Tamil Nadu,2025-09-11,Premium
C0569,Customer_0569,39,Male,Erode,Tamil Nadu,2024-10-13,New
C0570,Customer_0570,39,Female,Vellore,Tamil Nadu,2025-03-18,Regular
C0571,Customer_0571,43,Female,Trichy,Tamil Nadu,2024-05-09,New
C0572,Customer_0572,35,Female,Madurai,Tamil Nadu,2024-02-27,Regular
C0573,Customer_0573,45,Male,Trichy,Tamil Nadu,2025-10-08,New
C0574,Customer_0574,52,Male,Erode,Tamil Nadu,2025-08-05,New
C0575,Customer_0575,30,Male,Salem,Tamil Nadu,2025-02-07,Regular
C0576,Customer_0576,23,Male,Vellore,Tamil Nadu,2024-11-16,Regular
C0577,Customer_0577,57,Male,Salem,Tamil Nadu,2024-05-27,New
C0578,Customer_0578,51,Female,Salem,Tamil Nadu,2024-09-08,Premium
C0579,Customer_0579,51,Male,Salem,Tamil Nadu,2025-05-19,Regular
C0580,Customer_0580,37,Male,Erode,Tamil Nadu,2025-08-11,Regular
C0581,Customer_0581,37,Male,Coimbatore,Tamil Nadu,2024-01-30,Premium
C0582,Customer_0582,41,Female,Vellore,Tamil Nadu,2025-01-04,New
C0583,Customer_0583,49,Male,Salem,Tamil Nadu,2025-12-31,Regular
C0584,Customer_0584,36,Female,Erode,Tamil Nadu,2025-08-29,Regular
C0585,Customer_0585,34,Female,Tiruppur,Tamil Nadu,2024-05-11,New
C0586,Customer_0586,21,Female,Chennai,Tamil Nadu,2024-06-26,Regular
C0587,Customer_0587,38,Female,Trichy,Tamil Nadu,2025-03-09,Premium
C0588,Customer_0588,50,Female,Trichy,Tamil Nadu,2025-03-13,New
C0589,Customer_0589,45,Male,Madurai,Tamil Nadu,2024-12-27,New
C0590,Customer_0590,25,Female,Vellore,Tamil Nadu,2025-11-13,New
C0591,Customer_0591,21,Male,Vellore,Tamil Nadu,2025-04-24,Regular
C0592,Customer_0592,32,Male,Chennai,Tamil Nadu,2024-11-19,Regular
C0593,Customer_0593,49,Female,Coimbatore,Tamil Nadu,2025-07-23,Regular
C0594,Customer_0594,45,Male,Salem,Tamil Nadu,2024-07-29,Premium
C0595,Customer_0595,54,Female,Erode,Tamil Nadu,2024-12-02,Regular
C0596,Customer_0596,57,Male,Trichy,Tamil Nadu,2024-06-26,Regular
C0597,Customer_0597,39,Female,Trichy,Tamil Nadu,2025-07-20,Regular
C0598,Customer_0598,44,Female,Vellore,Tamil Nadu,2024-10-30,New
C0599,Customer_0599,52,Female,Salem,Tamil Nadu,2025-01-15,New
C0600,Customer_0600,28,Female,Vellore,Tamil Nadu,2024-04-05,Premium
C0601,Customer_0601,52,Female,Salem,Tamil Nadu,2024-07-30,New
C0602,Customer_0602,20,Female,Coimbatore,Tamil Nadu,2024-12-22,Regular
C0603,Customer_0603,47,Male,Chennai,Tamil Nadu,2025-02-22,Regular
C0604,Customer_0604,31,Male,Chennai,Tamil Nadu,2024-07-31,Regular
C0605,Customer_0605,57,Male,Madurai,Tamil Nadu,2024-05-10,Regular
C0606,Customer_0606,41,Male,Coimbatore,Tamil Nadu,2025-04-14,Premium
C0607,Customer_0607,27,Female,Trichy,Tamil Nadu,2025-03-31,Regular
C0608,Customer_0608,21,Female,Erode,Tamil Nadu,2025-02-05,Regular
C0609,Customer_0609,39,Female,Coimbatore,Tamil Nadu,2025-05-17,Regular
C0610,Customer_0610,57,Female,Madurai,Tamil Nadu,2024-08-12,New
C0611,Customer_0611,28,Male,Madurai,Tamil Nadu,2025-12-20,Regular
C0612,Customer_0612,19,Male,Madurai,Tamil Nadu,2024-04-15,Regular
C0613,Customer_0613,31,Male,Madurai,Tamil Nadu,2025-05-29,Regular
C0614,Customer_0614,51,Female,Madurai,Tamil Nadu,2024-02-06,New
C0615,Customer_0615,30,Male,Coimbatore,Tamil Nadu,2024-02-11,Regular
C0616,Customer_0616,48,Male,Tiruppur,Tamil Nadu,2025-04-11,New
C0617,Customer_0617,44,Male,Tiruppur,Tamil Nadu,2024-08-11,New
C0618,Customer_0618,47,Female,Coimbatore,Tamil Nadu,2025-06-23,Regular
C0619,Customer_0619,59,Female,Tiruppur,Tamil Nadu,2025-11-21,Regular
C0620,Customer_0620,52,Male,Coimbatore,Tamil Nadu,2025-11-07,Regular
C0621,Customer_0621,29,Female,Coimbatore,Tamil Nadu,2024-03-15,Regular
C0622,Customer_0622,56,Female,Tiruppur,Tamil Nadu,2024-03-13,New
C0623,Customer_0623,48,Female,Madurai,Tamil Nadu,2024-01-03,Regular
C0624,Customer_0624,55,Male,Vellore,Tamil Nadu,2025-02-12,Regular
C0625,Customer_0625,37,Female,Vellore,Tamil Nadu,2025-03-01,Regular
C0626,Customer_0626,55,Female,Trichy,Tamil Nadu,2025-09-10,Regular
C0627,Customer_0627,27,Male,Erode,Tamil Nadu,2025-04-22,New
C0628,Customer_0628,34,Female,Coimbatore,Tamil Nadu,2025-09-08,Premium
C0629,Customer_0629,33,Female,Salem,Tamil Nadu,2024-11-16,Regular
C0630,Customer_0630,59,Male,Trichy,Tamil Nadu,2025-03-13,New
C0631,Customer_0631,46,Female,Erode,Tamil Nadu,2025-10-26,Premium
C0632,Customer_0632,35,Female,Erode,Tamil Nadu,2025-04-16,New
C0633,Customer_0633,35,Male,Tiruppur,Tamil Nadu,2024-06-02,Regular
C0634,Customer_0634,48,Male,Chennai,Tamil Nadu,2024-03-09,Regular
C0635,Customer_0635,51,Male,Chennai,Tamil Nadu,2025-03-21,Regular
C0636,Customer_0636,50,Male,Tiruppur,Tamil Nadu,2024-02-09,Premium
C0637,Customer_0637,26,Male,Erode,Tamil Nadu,2024-11-04,Regular
C0638,Customer_0638,26,Male,Tiruppur,Tamil Nadu,2024-01-07,Regular
C0639,Customer_0639,40,Male,Vellore,Tamil Nadu,2025-06-16,Regular
C0640,Customer_0640,35,Female,Salem,Tamil Nadu,2024-02-05,New
C0641,Customer_0641,18,Male,Coimbatore,Tamil Nadu,2024-01-14,Premium
C0642,Customer_0642,19,Male,Salem,Tamil Nadu,2024-02-28,Regular
C0643,Customer_0643,44,Female,Tiruppur,Tamil Nadu,2025-07-16,Regular
C0644,Customer_0644,45,Male,Tiruppur,Tamil Nadu,2024-09-07,Regular
C0645,Customer_0645,56,Female,Tiruppur,Tamil Nadu,2025-01-15,Regular
C0646,Customer_0646,50,Female,Vellore,Tamil Nadu,2025-06-09,New
C0647,Customer_0647,30,Male,Erode,Tamil Nadu,2024-03-17,Regular
C0648,Customer_0648,44,Male,Chennai,Tamil Nadu,2025-08-27,Regular
C0649,Customer_0649,47,Male,Trichy,Tamil Nadu,2025-12-25,New
C0650,Customer_0650,28,Female,Salem,Tamil Nadu,2024-08-28,Regular
C0651,Customer_0651,41,Female,Vellore,Tamil Nadu,2024-01-24,Regular
C0652,Customer_0652,23,Male,Erode,Tamil Nadu,2025-05-26,Regular
C0653,Customer_0653,18,Female,Coimbatore,Tamil Nadu,2025-10-07,Regular
C0654,Customer_0654,50,Male,Vellore,Tamil Nadu,2024-08-08,Regular
C0655,Customer_0655,20,Female,Chennai,Tamil Nadu,2025-08-04,Regular
C0656,Customer_0656,44,Male,Vellore,Tamil Nadu,2024-04-09,Premium
C0657,Customer_0657,57,Female,Madurai,Tamil Nadu,2024-11-14,New
C0658,Customer_0658,60,Male,Trichy,Tamil Nadu,2024-06-15,Regular
C0659,Customer_0659,20,Male,Tiruppur,Tamil Nadu,2025-07-28,Regular
C0660,Customer_0660,26,Male,Tiruppur,Tamil Nadu,2025-05-31,Regular
C0661,Customer_0661,43,Male,Coimbatore,Tamil Nadu,2024-08-12,New
C0662,Customer_0662,53,Female,Coimbatore,Tamil Nadu,2024-02-22,Premium
C0663,Customer_0663,26,Female,Trichy,Tamil Nadu,2024-04-18,New
C0664,Customer_0664,46,Female,Erode,Tamil Nadu,2024-09-28,New
C0665,Customer_0665,31,Female,Trichy,Tamil Nadu,2024-06-09,New
C0666,Customer_0666,20,Female,Madurai,Tamil Nadu,2024-03-25,Premium
C0667,Customer_0667,56,Female,Salem,Tamil Nadu,2025-02-04,New
C0668,Customer_0668,19,Male,Trichy,Tamil Nadu,2025-05-04,Regular
C0669,Customer_0669,30,Male,Tiruppur,Tamil Nadu,2025-11-15,Regular
C0670,Customer_0670,25,Female,Trichy,Tamil Nadu,2025-07-17,New
C0671,Customer_0671,59,Female,Vellore,Tamil Nadu,2025-11-26,Premium
C0672,Customer_0672,29,Female,Coimbatore,Tamil Nadu,2024-04-19,Regular
C0673,Customer_0673,35,Male,Erode,Tamil Nadu,2024-08-06,Premium
C0674,Customer_0674,48,Female,Trichy,Tamil Nadu,2024-02-22,Premium
C0675,Customer_0675,44,Female,Coimbatore,Tamil Nadu,2025-02-19,Premium
C0676,Customer_0676,24,Female,Coimbatore,Tamil Nadu,2024-05-27,New
C0677,Customer_0677,29,Male,Salem,Tamil Nadu,2025-04-18,Regular
C0678,Customer_0678,53,Female,Madurai,Tamil Nadu,2025-07-21,Regular
C0679,Customer_0679,24,Male,Chennai,Tamil Nadu,2025-06-16,Premium
C0680,Customer_0680,20,Female,Madurai,Tamil Nadu,2025-06-23,Regular
C0681,Customer_0681,32,Male,Vellore,Tamil Nadu,2024-08-31,New
C0682,Customer_0682,29,Female,Chennai,Tamil Nadu,2025-03-24,New
C0683,Customer_0683,31,Female,Coimbatore,Tamil Nadu,2024-12-18,Regular
C0684,Customer_0684,54,Male,Vellore,Tamil Nadu,2025-03-17,Regular
C0685,Customer_0685,41,Female,Tiruppur,Tamil Nadu,2024-07-24,Regular
C0686,Customer_0686,59,Male,Trichy,Tamil Nadu,2024-12-16,Regular
C0687,Customer_0687,26,Male,Chennai,Tamil Nadu,2024-06-05,New
C0688,Customer_0688,29,Female,Coimbatore,Tamil Nadu,2025-06-01,Regular
C0689,Customer_0689,25,Female,Madurai,Tamil Nadu,2024-11-22,New
C0690,Customer_0690,54,Female,Coimbatore,Tamil Nadu,2024-12-30,Regular
C0691,Customer_0691,21,Male,Salem,Tamil Nadu,2025-03-21,New
C0692,Customer_0692,30,Male,Vellore,Tamil Nadu,2024-10-17,Regular
C0693,Customer_0693,60,Female,Erode,Tamil Nadu,2025-06-29,Regular
C0694,Customer_0694,20,Female,Coimbatore,Tamil Nadu,2024-09-05,Regular
C0695,Customer_0695,35,Male,Chennai,Tamil Nadu,2024-08-10,New
C0696,Customer_0696,49,Male,Salem,Tamil Nadu,2024-07-13,Regular
C0697,Customer_0697,59,Male,Madurai,Tamil Nadu,2025-07-11,Regular
C0698,Customer_0698,26,Male,Coimbatore,Tamil Nadu,2024-07-14,New
C0699,Customer_0699,41,Male,Coimbatore,Tamil Nadu,2025-08-21,New
C0700,Customer_0700,20,Male,Madurai,Tamil Nadu,2025-01-22,Premium
C0701,Customer_0701,20,Male,Coimbatore,Tamil Nadu,2025-11-13,New
C0702,Customer_0702,38,Male,Chennai,Tamil Nadu,2024-10-31,Regular
C0703,Customer_0703,35,Female,Coimbatore,Tamil Nadu,2025-11-28,Regular
C0704,Customer_0704,30,Male,Salem,Tamil Nadu,2024-10-19,Regular
C0705,Customer_0705,42,Female,Salem,Tamil Nadu,2025-11-04,New
C0706,Customer_0706,45,Female,Trichy,Tamil Nadu,2024-09-11,Regular
C0707,Customer_0707,28,Male,Madurai,Tamil Nadu,2024-01-07,Regular
C0708,Customer_0708,48,Male,Chennai,Tamil Nadu,2025-12-13,New
C0709,Customer_0709,18,Male,Vellore,Tamil Nadu,2025-01-15,Premium
C0710,Customer_0710,32,Female,Trichy,Tamil Nadu,2025-07-09,Premium
C0711,Customer_0711,44,Female,Vellore,Tamil Nadu,2025-06-22,Regular
C0712,Customer_0712,33,Female,Erode,Tamil Nadu,2024-10-23,Regular
C0713,Customer_0713,37,Female,Madurai,Tamil Nadu,2025-06-24,Regular
C0714,Customer_0714,51,Female,Trichy,Tamil Nadu,2024-12-22,Regular
C0715,Customer_0715,43,Male,Vellore,Tamil Nadu,2025-09-10,Regular
C0716,Customer_0716,30,Male,Madurai,Tamil Nadu,2025-04-25,Regular
C0717,Customer_0717,57,Female,Vellore,Tamil Nadu,2025-06-24,Regular
C0718,Customer_0718,29,Female,Madurai,Tamil Nadu,2024-04-09,Regular
C0719,Customer_0719,49,Female,Vellore,Tamil Nadu,2025-06-15,Premium
C0720,Customer_0720,46,Male,Tiruppur,Tamil Nadu,2025-01-29,Premium
C0721,Customer_0721,41,Male,Salem,Tamil Nadu,2025-04-19,Regular
C0722,Customer_0722,18,Female,Trichy,Tamil Nadu,2025-12-10,Regular
C0723,Customer_0723,22,Male,Vellore,Tamil Nadu,2024-06-21,Regular
C0724,Customer_0724,23,Male,Coimbatore,Tamil Nadu,2025-08-30,Regular
C0725,Customer_0725,57,Male,Coimbatore,Tamil Nadu,2025-11-17,Premium
C0726,Customer_0726,41,Female,Chennai,Tamil Nadu,2025-06-15,Regular
C0727,Customer_0727,46,Female,Madurai,Tamil Nadu,2025-07-14,Premium
C0728,Customer_0728,44,Male,Salem,Tamil Nadu,2024-08-31,New
C0729,Customer_0729,60,Female,Salem,Tamil Nadu,2025-06-15,Regular
C0730,Customer_0730,57,Female,Salem,Tamil Nadu,2025-02-04,New
C0731,Customer_0731,28,Female,Madurai,Tamil Nadu,2025-02-12,Regular
C0732,Customer_0732,46,Male,Trichy,Tamil Nadu,2025-10-23,New
C0733,Customer_0733,42,Female,Madurai,Tamil Nadu,2025-01-14,Regular
C0734,Customer_0734,33,Female,Vellore,Tamil Nadu,2024-11-25,Regular
C0735,Customer_0735,24,Female,Madurai,Tamil Nadu,2025-12-13,New
C0736,Customer_0736,19,Female,Erode,Tamil Nadu,2024-05-11,Premium
C0737,Customer_0737,39,Male,Trichy,Tamil Nadu,2025-11-15,New
C0738,Customer_0738,26,Female,Coimbatore,Tamil Nadu,2025-12-23,Regular
C0739,Customer_0739,40,Male,Erode,Tamil Nadu,2024-08-09,Regular
C0740,Customer_0740,18,Male,Salem,Tamil Nadu,2024-12-28,Regular
C0741,Customer_0741,46,Male,Salem,Tamil Nadu,2025-09-14,Regular
C0742,Customer_0742,54,Female,Chennai,Tamil Nadu,2025-08-29,New
C0743,Customer_0743,58,Male,Vellore,Tamil Nadu,2024-10-21,Regular
C0744,Customer_0744,52,Female,Chennai,Tamil Nadu,2024-03-13,Regular
C0745,Customer_0745,31,Male,Coimbatore,Tamil Nadu,2025-11-14,Regular
C0746,Customer_0746,19,Male,Trichy,Tamil Nadu,2025-11-13,New
C0747,Customer_0747,18,Female,Salem,Tamil Nadu,2024-02-08,Premium
C0748,Customer_0748,41,Female,Trichy,Tamil Nadu,2024-10-18,Premium
C0749,Customer_0749,46,Male,Erode,Tamil Nadu,2024-08-17,Regular
C0750,Customer_0750,20,Male,Coimbatore,Tamil Nadu,2025-07-05,Regular
C0751,Customer_0751,40,Male,Vellore,Tamil Nadu,2024-01-25,Regular
C0752,Customer_0752,55,Male,Coimbatore,Tamil Nadu,2024-07-19,New
C0753,Customer_0753,34,Female,Coimbatore,Tamil Nadu,2024-05-21,Premium
C0754,Customer_0754,59,Male,Erode,Tamil Nadu,2025-10-12,Regular
C0755,Customer_0755,54,Male,Chennai,Tamil Nadu,2025-01-07,Premium
C0756,Customer_0756,41,Male,Salem,Tamil Nadu,2025-04-30,New
C0757,Customer_0757,26,Male,Tiruppur,Tamil Nadu,2024-04-18,Premium
C0758,Customer_0758,45,Male,Chennai,Tamil Nadu,2024-09-18,New
C0759,Customer_0759,37,Female,Vellore,Tamil Nadu,2025-04-27,Premium
C0760,Customer_0760,29,Male,Salem,Tamil Nadu,2025-02-14,Premium
C0761,Customer_0761,26,Female,Madurai,Tamil Nadu,2024-05-11,New
C0762,Customer_0762,42,Female,Chennai,Tamil Nadu,2024-02-27,Regular
C0763,Customer_0763,44,Male,Madurai,Tamil Nadu,2024-08-16,Premium
C0764,Customer_0764,25,Male,Madurai,Tamil Nadu,2025-04-20,New
C0765,Customer_0765,52,Female,Chennai,Tamil Nadu,2024-01-14,Regular
C0766,Customer_0766,23,Male,Chennai,Tamil Nadu,2025-01-07,New
C0767,Customer_0767,50,Female,Salem,Tamil Nadu,2024-02-19,Regular
C0768,Customer_0768,55,Female,Chennai,Tamil Nadu,2024-04-06,Regular
C0769,Customer_0769,60,Female,Trichy,Tamil Nadu,2024-02-23,Regular
C0770,Customer_0770,27,Male,Erode,Tamil Nadu,2025-03-23,New
C0771,Customer_0771,54,Male,Trichy,Tamil Nadu,2024-10-08,Regular
C0772,Customer_0772,25,Female,Trichy,Tamil Nadu,2024-05-19,New
C0773,Customer_0773,24,Female,Vellore,Tamil Nadu,2024-09-03,New
C0774,Customer_0774,22,Male,Salem,Tamil Nadu,2025-07-14,New
C0775,Customer_0775,31,Female,Salem,Tamil Nadu,2024-07-26,Regular
C0776,Customer_0776,36,Female,Trichy,Tamil Nadu,2025-11-03,Premium
C0777,Customer_0777,31,Female,Madurai,Tamil Nadu,2024-01-10,Regular
C0778,Customer_0778,41,Female,Vellore,Tamil Nadu,2025-09-17,Regular
C0779,Customer_0779,26,Female,Coimbatore,Tamil Nadu,2025-04-12,New
C0780,Customer_0780,43,Male,Salem,Tamil Nadu,2025-06-10,New
C0781,Customer_0781,33,Male,Erode,Tamil Nadu,2025-08-14,Regular
C0782,Customer_0782,37,Female,Vellore,Tamil Nadu,2024-01-16,New
C0783,Customer_0783,28,Female,Madurai,Tamil Nadu,2025-05-21,Regular
C0784,Customer_0784,25,Female,Coimbatore,Tamil Nadu,2024-08-22,Regular
C0785,Customer_0785,38,Female,Vellore,Tamil Nadu,2024-09-24,New
C0786,Customer_0786,29,Male,Erode,Tamil Nadu,2024-01-27,Regular
C0787,Customer_0787,47,Female,Vellore,Tamil Nadu,2024-11-08,Regular
C0788,Customer_0788,41,Female,Salem,Tamil Nadu,2024-11-17,Regular
C0789,Customer_0789,34,Female,Trichy,Tamil Nadu,2025-10-17,New
C0790,Customer_0790,31,Male,Salem,Tamil Nadu,2025-06-16,Regular
C0791,Customer_0791,28,Male,Madurai,Tamil Nadu,2024-05-18,New
C0792,Customer_0792,31,Female,Trichy,Tamil Nadu,2025-05-25,New
C0793,Customer_0793,52,Male,Coimbatore,Tamil Nadu,2025-07-09,Regular
C0794,Customer_0794,60,Female,Erode,Tamil Nadu,2024-06-20,New
C0795,Customer_0795,52,Male,Vellore,Tamil Nadu,2024-05-06,Premium
C0796,Customer_0796,53,Female,Coimbatore,Tamil Nadu,2024-01-20,Regular
C0797,Customer_0797,46,Female,Vellore,Tamil Nadu,2024-02-16,New
C0798,Customer_0798,26,Female,Coimbatore,Tamil Nadu,2024-02-08,Regular
C0799,Customer_0799,21,Female,Madurai,Tamil Nadu,2025-08-17,Regular
C0800,Customer_0800,38,Female,Trichy,Tamil Nadu,2025-03-20,Regular
C0801,Customer_0801,34,Female,Trichy,Tamil Nadu,2024-06-07,Premium
C0802,Customer_0802,41,Female,Salem,Tamil Nadu,2025-12-06,Regular
C0803,Customer_0803,26,Male,Salem,Tamil Nadu,2025-07-09,New
C0804,Customer_0804,26,Male,Erode,Tamil Nadu,2024-07-30,Regular
C0805,Customer_0805,46,Female,Tiruppur,Tamil Nadu,2024-01-23,New
C0806,Customer_0806,32,Male,Chennai,Tamil Nadu,2025-10-24,Premium
C0807,Customer_0807,25,Male,Chennai,Tamil Nadu,2024-11-07,Regular
C0808,Customer_0808,22,Female,Madurai,Tamil Nadu,2024-04-03,Regular
C0809,Customer_0809,53,Female,Chennai,Tamil Nadu,2024-08-29,Premium
C0810,Customer_0810,43,Female,Erode,Tamil Nadu,2024-04-28,Regular
C0811,Customer_0811,26,Female,Coimbatore,Tamil Nadu,2024-10-02,Regular
C0812,Customer_0812,27,Male,Erode,Tamil Nadu,2024-10-04,New
C0813,Customer_0813,38,Male,Coimbatore,Tamil Nadu,2025-07-19,New
C0814,Customer_0814,39,Female,Vellore,Tamil Nadu,2025-04-14,New
C0815,Customer_0815,41,Female,Vellore,Tamil Nadu,2024-03-28,New
C0816,Customer_0816,59,Male,Madurai,Tamil Nadu,2025-11-09,New
C0817,Customer_0817,42,Male,Salem,Tamil Nadu,2025-07-13,Regular
C0818,Customer_0818,33,Female,Erode,Tamil Nadu,2025-07-09,New
C0819,Customer_0819,28,Male,Chennai,Tamil Nadu,2025-11-26,Premium
C0820,Customer_0820,48,Male,Tiruppur,Tamil Nadu,2024-12-19,Regular
C0821,Customer_0821,54,Female,Coimbatore,Tamil Nadu,2025-05-13,Regular
C0822,Customer_0822,29,Female,Erode,Tamil Nadu,2024-11-22,Regular
C0823,Customer_0823,46,Female,Erode,Tamil Nadu,2024-06-23,Regular
C0824,Customer_0824,48,Male,Salem,Tamil Nadu,2024-09-21,New
C0825,Customer_0825,37,Female,Coimbatore,Tamil Nadu,2025-06-06,New
C0826,Customer_0826,27,Male,Trichy,Tamil Nadu,2025-05-31,New
C0827,Customer_0827,32,Male,Trichy,Tamil Nadu,2024-04-14,Regular
C0828,Customer_0828,24,Male,Madurai,Tamil Nadu,2024-09-08,New
C0829,Customer_0829,53,Male,Coimbatore,Tamil Nadu,2025-05-20,Premium
C0830,Customer_0830,32,Female,Erode,Tamil Nadu,2025-09-22,Regular
C0831,Customer_0831,51,Female,Tiruppur,Tamil Nadu,2025-08-15,New
C0832,Customer_0832,59,Female,Tiruppur,Tamil Nadu,2025-08-07,Regular
C0833,Customer_0833,36,Male,Trichy,Tamil Nadu,2025-02-23,New
C0834,Customer_0834,53,Male,Trichy,Tamil Nadu,2025-04-08,Premium
C0835,Customer_0835,43,Male,Madurai,Tamil Nadu,2025-04-18,Regular
C0836,Customer_0836,56,Male,Madurai,Tamil Nadu,2024-12-07,New
C0837,Customer_0837,58,Male,Tiruppur,Tamil Nadu,2024-07-01,New
C0838,Customer_0838,59,Male,Coimbatore,Tamil Nadu,2024-09-23,New
C0839,Customer_0839,18,Male,Vellore,Tamil Nadu,2024-09-04,New
C0840,Customer_0840,41,Male,Madurai,Tamil Nadu,2025-07-24,Premium
C0841,Customer_0841,26,Male,Tiruppur,Tamil Nadu,2024-09-09,Regular
C0842,Customer_0842,58,Male,Erode,Tamil Nadu,2025-09-12,Regular
C0843,Customer_0843,22,Male,Trichy,Tamil Nadu,2024-12-17,Regular
C0844,Customer_0844,32,Female,Vellore,Tamil Nadu,2024-02-29,New
C0845,Customer_0845,20,Female,Salem,Tamil Nadu,2025-10-03,New
C0846,Customer_0846,33,Male,Erode,Tamil Nadu,2024-12-02,Premium
C0847,Customer_0847,21,Male,Tiruppur,Tamil Nadu,2025-12-13,New
C0848,Customer_0848,39,Male,Vellore,Tamil Nadu,2025-07-06,New
C0849,Customer_0849,32,Female,Vellore,Tamil Nadu,2024-05-11,New
C0850,Customer_0850,22,Male,Salem,Tamil Nadu,2025-06-10,Regular
C0851,Customer_0851,36,Male,Madurai,Tamil Nadu,2024-11-02,Premium
C0852,Customer_0852,19,Female,Erode,Tamil Nadu,2024-03-01,Regular
C0853,Customer_0853,44,Male,Trichy,Tamil Nadu,2025-12-02,Regular
C0854,Customer_0854,60,Male,Coimbatore,Tamil Nadu,2024-07-10,Regular
C0855,Customer_0855,31,Female,Erode,Tamil Nadu,2024-05-26,Regular
C0856,Customer_0856,38,Female,Erode,Tamil Nadu,2025-10-21,Premium
C0857,Customer_0857,41,Male,Coimbatore,Tamil Nadu,2024-02-26,Regular
C0858,Customer_0858,42,Female,Coimbatore,Tamil Nadu,2025-02-21,Regular
C0859,Customer_0859,33,Female,Chennai,Tamil Nadu,2025-07-05,New
C0860,Customer_0860,18,Male,Trichy,Tamil Nadu,2024-09-26,Regular
C0861,Customer_0861,54,Female,Trichy,Tamil Nadu,2024-05-24,New
C0862,Customer_0862,58,Male,Madurai,Tamil Nadu,2024-06-22,New
C0863,Customer_0863,43,Male,Tiruppur,Tamil Nadu,2024-04-24,Regular
C0864,Customer_0864,20,Male,Salem,Tamil Nadu,2024-05-26,Regular
C0865,Customer_0865,46,Female,Madurai,Tamil Nadu,2025-02-22,New
C0866,Customer_0866,45,Female,Salem,Tamil Nadu,2025-11-12,Premium
C0867,Customer_0867,41,Female,Tiruppur,Tamil Nadu,2024-01-03,Regular
C0868,Customer_0868,37,Female,Madurai,Tamil Nadu,2025-10-20,New
C0869,Customer_0869,49,Male,Coimbatore,Tamil Nadu,2024-05-06,New
C0870,Customer_0870,47,Female,Tiruppur,Tamil Nadu,2024-10-08,Regular
C0871,Customer_0871,57,Female,Madurai,Tamil Nadu,2025-12-17,Regular
C0872,Customer_0872,37,Male,Erode,Tamil Nadu,2025-04-20,Regular
C0873,Customer_0873,39,Female,Madurai,Tamil Nadu,2024-12-10,Regular
C0874,Customer_0874,47,Male,Coimbatore,Tamil Nadu,2025-03-30,New
C0875,Customer_0875,33,Male,Trichy,Tamil Nadu,2025-05-23,New
C0876,Customer_0876,59,Male,Chennai,Tamil Nadu,2024-03-02,New
C0877,Customer_0877,54,Male,Coimbatore,Tamil Nadu,2025-07-05,Regular
C0878,Customer_0878,49,Female,Erode,Tamil Nadu,2025-08-12,Regular
C0879,Customer_0879,34,Male,Coimbatore,Tamil Nadu,2025-06-04,Regular
C0880,Customer_0880,28,Female,Salem,Tamil Nadu,2024-12-18,New
C0881,Customer_0881,28,Male,Madurai,Tamil Nadu,2025-11-30,Regular
C0882,Customer_0882,58,Female,Vellore,Tamil Nadu,2024-07-14,Premium
C0883,Customer_0883,55,Female,Coimbatore,Tamil Nadu,2025-02-12,Regular
C0884,Customer_0884,54,Female,Vellore,Tamil Nadu,2025-09-15,Regular
C0885,Customer_0885,60,Male,Chennai,Tamil Nadu,2025-04-25,Regular
C0886,Customer_0886,37,Male,Madurai,Tamil Nadu,2024-12-15,Regular
C0887,Customer_0887,18,Female,Tiruppur,Tamil Nadu,2024-07-04,Premium
C0888,Customer_0888,53,Male,Tiruppur,Tamil Nadu,2024-12-31,Regular
C0889,Customer_0889,36,Female,Salem,Tamil Nadu,2024-01-22,Premium
C0890,Customer_0890,23,Male,Coimbatore,Tamil Nadu,2025-05-05,Regular
C0891,Customer_0891,57,Male,Coimbatore,Tamil Nadu,2025-06-16,Regular
C0892,Customer_0892,22,Male,Tiruppur,Tamil Nadu,2024-12-04,New
C0893,Customer_0893,35,Male,Salem,Tamil Nadu,2024-02-09,Regular
C0894,Customer_0894,55,Female,Vellore,Tamil Nadu,2025-09-07,Regular
C0895,Customer_0895,36,Male,Madurai,Tamil Nadu,2025-08-14,Regular
C0896,Customer_0896,22,Male,Salem,Tamil Nadu,2025-02-05,New
C0897,Customer_0897,58,Female,Trichy,Tamil Nadu,2024-03-24,New
C0898,Customer_0898,18,Female,Coimbatore,Tamil Nadu,2024-09-21,Premium
C0899,Customer_0899,29,Male,Chennai,Tamil Nadu,2024-03-25,Regular
C0900,Customer_0900,35,Female,Chennai,Tamil Nadu,2024-07-06,New
C0901,Customer_0901,51,Female,Salem,Tamil Nadu,2024-12-02,New
C0902,Customer_0902,34,Female,Tiruppur,Tamil Nadu,2024-10-26,Regular
C0903,Customer_0903,33,Male,Madurai,Tamil Nadu,2025-03-23,New
C0904,Customer_0904,53,Female,Madurai,Tamil Nadu,2025-06-23,Regular
C0905,Customer_0905,52,Male,Tiruppur,Tamil Nadu,2025-09-30,Regular
C0906,Customer_0906,47,Male,Trichy,Tamil Nadu,2025-06-05,Regular
C0907,Customer_0907,39,Female,Chennai,Tamil Nadu,2025-10-21,Regular
C0908,Customer_0908,29,Female,Tiruppur,Tamil Nadu,2024-11-21,Regular
C0909,Customer_0909,27,Male,Coimbatore,Tamil Nadu,2024-04-24,Premium
C0910,Customer_0910,36,Male,Trichy,Tamil Nadu,2024-10-26,Premium
C0911,Customer_0911,29,Male,Vellore,Tamil Nadu,2024-08-23,New
C0912,Customer_0912,46,Female,Erode,Tamil Nadu,2025-06-13,New
C0913,Customer_0913,39,Female,Madurai,Tamil Nadu,2025-04-11,Premium
C0914,Customer_0914,54,Male,Vellore,Tamil Nadu,2025-01-27,New
C0915,Customer_0915,27,Male,Coimbatore,Tamil Nadu,2024-09-20,New
C0916,Customer_0916,19,Female,Madurai,Tamil Nadu,2024-07-09,Regular
C0917,Customer_0917,31,Female,Erode,Tamil Nadu,2024-11-11,Premium
C0918,Customer_0918,32,Female,Chennai,Tamil Nadu,2025-11-13,Regular
C0919,Customer_0919,24,Female,Chennai,Tamil Nadu,2024-05-06,New
C0920,Customer_0920,19,Female,Salem,Tamil Nadu,2024-08-16,Premium
C0921,Customer_0921,46,Female,Chennai,Tamil Nadu,2024-03-14,New
C0922,Customer_0922,40,Female,Tiruppur,Tamil Nadu,2024-03-02,Regular
C0923,Customer_0923,30,Female,Tiruppur,Tamil Nadu,2025-11-10,Premium
C0924,Customer_0924,29,Male,Vellore,Tamil Nadu,2024-06-30,Premium
C0925,Customer_0925,58,Female,Coimbatore,Tamil Nadu,2024-04-04,New
C0926,Customer_0926,39,Female,Erode,Tamil Nadu,2024-07-02,New
C0927,Customer_0927,38,Female,Vellore,Tamil Nadu,2024-10-04,Regular
C0928,Customer_0928,59,Male,Coimbatore,Tamil Nadu,2024-01-26,New
C0929,Customer_0929,52,Male,Chennai,Tamil Nadu,2025-03-16,New
C0930,Customer_0930,19,Male,Coimbatore,Tamil Nadu,2024-11-21,New
C0931,Customer_0931,25,Male,Tiruppur,Tamil Nadu,2024-02-19,Premium
C0932,Customer_0932,36,Male,Trichy,Tamil Nadu,2024-02-29,New
C0933,Customer_0933,44,Male,Madurai,Tamil Nadu,2024-11-07,New
C0934,Customer_0934,39,Male,Trichy,Tamil Nadu,2024-04-10,Regular
C0935,Customer_0935,24,Female,Vellore,Tamil Nadu,2024-09-30,Premium
C0936,Customer_0936,58,Female,Erode,Tamil Nadu,2024-01-19,Regular
C0937,Customer_0937,43,Male,Coimbatore,Tamil Nadu,2024-04-04,Regular
C0938,Customer_0938,32,Female,Vellore,Tamil Nadu,2025-07-07,New
C0939,Customer_0939,32,Female,Coimbatore,Tamil Nadu,2024-01-04,Regular
C0940,Customer_0940,42,Female,Erode,Tamil Nadu,2024-06-18,Premium
C0941,Customer_0941,60,Female,Vellore,Tamil Nadu,2024-06-29,Regular
C0942,Customer_0942,22,Female,Trichy,Tamil Nadu,2024-02-14,New
C0943,Customer_0943,56,Male,Salem,Tamil Nadu,2025-03-12,Regular
C0944,Customer_0944,59,Female,Erode,Tamil Nadu,2025-06-16,Regular
C0945,Customer_0945,36,Female,Madurai,Tamil Nadu,2024-03-17,Premium
C0946,Customer_0946,48,Male,Vellore,Tamil Nadu,2024-03-29,Regular
C0947,Customer_0947,19,Female,Chennai,Tamil Nadu,2024-07-29,Regular
C0948,Customer_0948,23,Male,Salem,Tamil Nadu,2025-04-14,Regular
C0949,Customer_0949,24,Male,Trichy,Tamil Nadu,2024-04-23,Regular
C0950,Customer_0950,48,Male,Salem,Tamil Nadu,2024-01-08,Regular
C0951,Customer_0951,48,Female,Madurai,Tamil Nadu,2025-04-15,Premium
C0952,Customer_0952,46,Female,Coimbatore,Tamil Nadu,2025-02-14,Regular
C0953,Customer_0953,31,Male,Chennai,Tamil Nadu,2025-02-24,Premium
C0954,Customer_0954,21,Male,Madurai,Tamil Nadu,2025-04-04,New
C0955,Customer_0955,39,Female,Tiruppur,Tamil Nadu,2024-05-03,New
C0956,Customer_0956,39,Female,Chennai,Tamil Nadu,2024-07-31,Premium
C0957,Customer_0957,22,Female,Chennai,Tamil Nadu,2024-10-01,Regular
C0958,Customer_0958,43,Female,Coimbatore,Tamil Nadu,2025-12-09,Regular
C0959,Customer_0959,22,Female,Chennai,Tamil Nadu,2024-02-27,Regular
C0960,Customer_0960,26,Male,Trichy,Tamil Nadu,2024-10-17,New
C0961,Customer_0961,34,Male,Erode,Tamil Nadu,2025-07-28,New
C0962,Customer_0962,38,Female,Salem,Tamil Nadu,2024-02-17,Regular
C0963,Customer_0963,45,Male,Salem,Tamil Nadu,2024-07-20,Regular
C0964,Customer_0964,51,Male,Tiruppur,Tamil Nadu,2024-09-25,Regular
C0965,Customer_0965,23,Female,Coimbatore,Tamil Nadu,2024-01-14,Regular
C0966,Customer_0966,44,Female,Coimbatore,Tamil Nadu,2024-05-24,Regular
C0967,Customer_0967,37,Male,Vellore,Tamil Nadu,2025-09-16,Premium
C0968,Customer_0968,52,Male,Salem,Tamil Nadu,2024-02-11,Regular
C0969,Customer_0969,32,Female,Coimbatore,Tamil Nadu,2025-02-28,Premium
C0970,Customer_0970,31,Male,Salem,Tamil Nadu,2025-04-12,Regular
C0971,Customer_0971,19,Female,Madurai,Tamil Nadu,2025-12-05,Regular
C0972,Customer_0972,26,Male,Erode,Tamil Nadu,2024-04-22,Regular
C0973,Customer_0973,24,Female,Vellore,Tamil Nadu,2025-08-30,Regular
C0974,Customer_0974,45,Male,Tiruppur,Tamil Nadu,2025-01-28,Premium
C0975,Customer_0975,42,Male,Trichy,Tamil Nadu,2024-07-31,Premium
C0976,Customer_0976,39,Male,Tiruppur,Tamil Nadu,2024-11-02,Regular
C0977,Customer_0977,48,Male,Salem,Tamil Nadu,2024-04-18,New
C0978,Customer_0978,50,Male,Salem,Tamil Nadu,2025-02-20,Premium
C0979,Customer_0979,39,Female,Erode,Tamil Nadu,2025-07-10,Regular
C0980,Customer_0980,32,Female,Trichy,Tamil Nadu,2025-11-01,Regular
C0981,Customer_0981,45,Male,Erode,Tamil Nadu,2024-12-02,Premium
C0982,Customer_0982,41,Female,Coimbatore,Tamil Nadu,2024-01-06,New
C0983,Customer_0983,36,Male,Coimbatore,Tamil Nadu,2025-01-22,New
C0984,Customer_0984,21,Male,Tiruppur,Tamil Nadu,2024-10-09,Premium
C0985,Customer_0985,32,Female,Tiruppur,Tamil Nadu,2025-06-17,Regular
C0986,Customer_0986,56,Female,Salem,Tamil Nadu,2024-03-23,Regular
C0987,Customer_0987,56,Male,Trichy,Tamil Nadu,2025-01-04,Regular
C0988,Customer_0988,48,Female,Trichy,Tamil Nadu,2024-07-17,New
C0989,Customer_0989,55,Male,Salem,Tamil Nadu,2025-06-07,New
C0990,Customer_0990,40,Male,Vellore,Tamil Nadu,2024-06-14,Regular
C0991,Customer_0991,33,Female,Tiruppur,Tamil Nadu,2024-01-12,New
C0992,Customer_0992,44,Male,Salem,Tamil Nadu,2025-11-14,Premium
C0993,Customer_0993,40,Male,Erode,Tamil Nadu,2024-04-17,New
C0994,Customer_0994,38,Male,Coimbatore,Tamil Nadu,2025-10-11,Regular
C0995,Customer_0995,36,Male,Erode,Tamil Nadu,2024-10-06,New
C0996,Customer_0996,60,Male,Salem,Tamil Nadu,2025-01-23,Premium
C0997,Customer_0997,33,Male,Erode,Tamil Nadu,2024-08-03,New
C0998,Customer_0998,29,Male,Erode,Tamil Nadu,2024-06-06,Premium
C0999,Customer_0999,48,Male,Erode,Tamil Nadu,2024-12-29,Regular
C1000,Customer_1000,26,Female,Trichy,Tamil Nadu,2024-12-23,Regular
